Tiêu đề,Mô tả,Địa chỉ,Giá
BIỆT THỰ ĐOÀN KHUÊ KHU HÓT NAM VIỆT Á GẦN SÔNG HÀN 270M2 28 TỶ TL,N/A,N/A,N/A
"BIỆT THỰ MỚI VỊ TRÍ GẦN SÔNG , GẦN BIỂN DÒNG TIỀN NAM VIỆT Á",N/A,N/A,N/A
BÁN NHÀ 4 TẦNG - HỒ BƠI TRONG NHÀ - KIỆT Ô TÔ CHÂU THỊ VĨNH TẾ - NGŨ HÀNH SƠN - 11 tỷ x,N/A,N/A,N/A
"Biệt Thự VIEW Sông mặt tiền Đường Thăng Long Quận Hải Châu Đà Nẵng - Giá chỉ 20,5 Tỷ",N/A,N/A,N/A
SIÊU PHẨM! Biệt thự 3 tầng - Nguyễn Văn Thoại - 310m2 ngang 10m- Oto đậu 24/7 - Cách biển,N/A,N/A,N/A
NHỈNH 11 TỶ BÁN VILLA MINI 4 TẦNG CHÂU THỊ VĨNH TẾ SÁT BIỂN MỸ KHÊ - THUÊ 50 TRIÊU/THÁNG,N/A,N/A,N/A
CẦN CHUYỂN NHƯỢNG NHIỀU BIỆT THỰ VILLAS LÀNH CHÂU ÂU ERO 1 BỜ SÔNG HÀN RỒNG ĐÀ NẴNG,N/A,N/A,N/A
Bán Biệt Thự Sân Vườn Ngay Trung tâm Quận Hải Châu Đà Nẵng - Diện tích đất 800m2 - 63 Tỷ,N/A,N/A,N/A
Bán Biệt thự 3 tầng Khu Compound ngay Sông Hàn Quận Sơn Trà Đà Nẵng Giá 40 Tỷ,N/A,N/A,N/A
Bán Biệt thự 3 Tầng MT Phạm Phú Tiết Quận Cẩm Lệ - Nội thất cao cấp - Giá 22 tỷ,N/A,N/A,N/A
"Bán Biệt thự 4 tầng View Sông MT Đường Nguyễn Đình Thi Hòa Xuân Đà Nẵng, Giá chỉ 22 tỷ",N/A,N/A,N/A
Nhỉnh 18 TỶ: BIỆT THỰ gần KHU NAM VIỆT Á - ĐÀ NẴNG: 460m2 ngang 11m - 3 TẦNG 8 PN,N/A,N/A,N/A
Chỉ 30 TỶ: BIỆT THỰ ĐẲNG CẤP THƯỢNG LƯU gần NÚI SƠN TRÀ - ĐÀ NẴNG: 15m x 20m - 5 TẦNG 4 PN,N/A,N/A,N/A
"CHỦ NGỘP GIẢM 1,5 TỶ ! BIỆT THỰ sát MẶT TIỀN TRẦN CAO VÂN ĐÀ NẴNG: 10mx19,7m - 3 TẦNG 8 PN",N/A,N/A,N/A
Nhỉnh 5 TỶ: CĂN BIỆT THỰ SÂN VƯỜN KHÁ ĐẸP gần HOÀNG VĂN THÁI - ĐÀ NẴNG: 10 x 16m - 2 TẦNG,N/A,N/A,N/A
"Chỉ 9,5 TỶ: HOMESTAY VILLA gần CHỢ CỒN ĐÀ NẴNG, thu 45 TR/th: 14 x10m",N/A,N/A,N/A
"GIÁ 12,777TỶ: BÁN BIỆT THỰ KHU AN THƯỢNG ĐÀ NẴNG - LÔ GÓC - Gần CHÂU THỊ VĨNH TẾ: 7 x15,4m",N/A,N/A,N/A
SIÊU PHẨM BIỆT THỰ CHÂU ÂU – HỒ BƠI RIÊNG – FULL NỘI THẤT – CHỈ 11 TỶ,N/A,N/A,N/A
🌟 BIỆT THỰ GỖ CẨM LAI ĐỘC NHẤT ĐÀ NẴNG – TÂM HUYẾT 8 NĂM XÂY DỰNG 🌟,N/A,N/A,N/A
BIỆT THỰ LÔ GÓC DT KHỦNG 210M NGANG 14M NHỈNH 10TY THIẾT KẾ HIỆN ĐẠI – FULL NỘI THẤT CAO C,N/A,N/A,N/A
